Index,t,Heatflow,Tr
0,0.0,-0.0842906,25.0
1,1.0,-0.10248,25.1667
2,2.0,-0.193842,25.3333
3,3.0,-0.365677,25.5
4,4.0,-0.697696,25.6667
5,5.0,-1.02059,25.8333
6,6.0,-1.28808,26.0
7,7.0,-1.50496,26.1667
8,8.0,-1.61778,26.3333
9,9.0,-1.69603,26.5
10,10.0,-1.74789,26.6667
11,11.0,-1.78738,26.8333
12,12.0,-1.80971,27.0
13,13.0,-1.82723,27.1667
14,14.0,-1.84153,27.3333
15,15.0,-1.85228,27.5
16,16.0,-1.85958,27.6667
17,17.0,-1.86621,27.8333
18,18.0,-1.87236,28.0
19,19.0,-1.87801,28.1667
20,20.0,-1.88234,28.3333
21,21.0,-1.88722,28.5
22,22.0,-1.8921,28.6667
23,23.0,-1.89691,28.8333
24,24.0,-1.90131,29.0
25,25.0,-1.90574,29.1667
26,26.0,-1.91007,29.3333
27,27.0,-1.91435,29.5
28,28.0,-1.91801,29.6667
29,29.0,-1.92177,29.8333
30,30.0,-1.92545,30.0
31,31.0,-1.92901,30.1667
32,32.0,-1.93212,30.3333
33,33.0,-1.93546,30.5
34,34.0,-1.93886,30.6667
35,35.0,-1.94225,30.8333
36,36.0,-1.94562,31.0
37,37.0,-1.94895,31.1667
38,38.0,-1.95225,31.3333
39,39.0,-1.95551,31.5
40,40.0,-1.95859,31.6667
41,41.0,-1.96166,31.8333
42,42.0,-1.96478,32.0
43,43.0,-1.96799,32.1667
44,44.0,-1.97096,32.3333
45,45.0,-1.97395,32.5
46,46.0,-1.97691,32.6667
47,47.0,-1.97987,32.8333
48,48.0,-1.98271,33.0
49,49.0,-1.98552,33.1667
50,50.0,-1.98828,33.3333
51,51.0,-1.991,33.5
52,52.0,-1.99335,33.6667
53,53.0,-1.99579,33.8333
54,54.0,-1.99823,34.0
55,55.0,-2.00062,34.1667
56,56.0,-2.00267,34.3333
57,57.0,-2.00482,34.5
58,58.0,-2.00697,34.6667
59,59.0,-2.00904,34.8333
60,60.0,-2.01105,35.0
61,61.0,-2.0131,35.1667
62,62.0,-2.01515,35.3333
63,63.0,-2.01713,35.5
64,64.0,-2.01911,35.6667
65,65.0,-2.02102,35.8333
66,66.0,-2.0229,36.0
67,67.0,-2.02482,36.1667
68,68.0,-2.02669,36.3333
69,69.0,-2.02859,36.5
70,70.0,-2.03046,36.6667
71,71.0,-2.03228,36.8333
72,72.0,-2.0341,37.0
73,73.0,-2.0359,37.1667
74,74.0,-2.03767,37.3333
75,75.0,-2.03939,37.5
76,76.0,-2.04114,37.6667
77,77.0,-2.04294,37.8333
78,78.0,-2.04465,38.0
79,79.0,-2.04628,38.1667
80,80.0,-2.04786,38.3333
81,81.0,-2.04938,38.5
82,82.0,-2.05093,38.6667
83,83.0,-2.05251,38.8333
84,84.0,-2.0539,39.0
85,85.0,-2.05542,39.1667
86,86.0,-2.05695,39.3333
87,87.0,-2.05846,39.5
88,88.0,-2.05996,39.6667
89,89.0,-2.06134,39.8333
90,90.0,-2.06269,40.0
91,91.0,-2.06403,40.1667
92,92.0,-2.06514,40.3333
93,93.0,-2.06634,40.5
94,94.0,-2.06762,40.6667
95,95.0,-2.06892,40.8333
96,96.0,-2.07037,41.0
97,97.0,-2.07178,41.1667
98,98.0,-2.07318,41.3333
99,99.0,-2.07453,41.5
100,100.0,-2.07597,41.6667
101,101.0,-2.0773,41.8333
102,102.0,-2.07858,42.0
103,103.0,-2.07984,42.1667
104,104.0,-2.08088,42.3333
105,105.0,-2.08203,42.5
106,106.0,-2.08321,42.6667
107,107.0,-2.08439,42.8333
108,108.0,-2.08563,43.0
109,109.0,-2.08682,43.1667
110,110.0,-2.08801,43.3333
111,111.0,-2.08928,43.5
112,112.0,-2.0906,43.6667
113,113.0,-2.09186,43.8333
114,114.0,-2.09311,44.0
115,115.0,-2.09432,44.1667
116,116.0,-2.09538,44.3333
117,117.0,-2.09651,44.5
118,118.0,-2.09766,44.6667
119,119.0,-2.09884,44.8333
120,120.0,-2.09992,45.0
121,121.0,-2.10095,45.1667
122,122.0,-2.10199,45.3333
123,123.0,-2.10316,45.5
124,124.0,-2.10438,45.6667
125,125.0,-2.1056,45.8333
126,126.0,-2.10678,46.0
127,127.0,-2.10798,46.1667
128,128.0,-2.10929,46.3333
129,129.0,-2.11053,46.5
130,130.0,-2.11177,46.6667
131,131.0,-2.11301,46.8333
132,132.0,-2.11415,47.0
133,133.0,-2.11532,47.1667
134,134.0,-2.11639,47.3333
135,135.0,-2.11739,47.5
136,136.0,-2.11832,47.6667
137,137.0,-2.11934,47.8333
138,138.0,-2.12046,48.0
139,139.0,-2.12161,48.1667
140,140.0,-2.1227,48.3333
141,141.0,-2.12378,48.5
142,142.0,-2.12492,48.6667
143,143.0,-2.12613,48.8333
144,144.0,-2.12732,49.0
145,145.0,-2.12846,49.1667
146,146.0,-2.12955,49.3333
147,147.0,-2.13054,49.5
148,148.0,-2.13148,49.6667
149,149.0,-2.13242,49.8333
150,150.0,-2.13344,50.0
151,151.0,-2.13444,50.1667
152,152.0,-2.13533,50.3333
153,153.0,-2.13639,50.5
154,154.0,-2.13755,50.6667
155,155.0,-2.13875,50.8333
156,156.0,-2.14008,51.0
157,157.0,-2.14137,51.1667
158,158.0,-2.14266,51.3333
159,159.0,-2.14396,51.5
160,160.0,-2.14517,51.6667
161,161.0,-2.14624,51.8333
162,162.0,-2.14728,52.0
163,163.0,-2.14828,52.1667
164,164.0,-2.14911,52.3333
165,165.0,-2.15015,52.5
166,166.0,-2.15125,52.6667
167,167.0,-2.1524,52.8333
168,168.0,-2.15365,53.0
169,169.0,-2.15483,53.1667
170,170.0,-2.15604,53.3333
171,171.0,-2.15732,53.5
172,172.0,-2.15853,53.6667
173,173.0,-2.15966,53.8333
174,174.0,-2.16081,54.0
175,175.0,-2.162,54.1667
176,176.0,-2.16315,54.3333
177,177.0,-2.16429,54.5
178,178.0,-2.16545,54.6667
179,179.0,-2.16657,54.8333
180,180.0,-2.16756,55.0
181,181.0,-2.16854,55.1667
182,182.0,-2.16954,55.3333
183,183.0,-2.17057,55.5
184,184.0,-2.17151,55.6667
185,185.0,-2.17254,55.8333
186,186.0,-2.17361,56.0
187,187.0,-2.17474,56.1667
188,188.0,-2.17608,56.3333
189,189.0,-2.17745,56.5
190,190.0,-2.17886,56.6667
191,191.0,-2.18027,56.8333
192,192.0,-2.1818,57.0
193,193.0,-2.18322,57.1667
194,194.0,-2.18454,57.3333
195,195.0,-2.18586,57.5
196,196.0,-2.18702,57.6667
197,197.0,-2.18828,57.8333
198,198.0,-2.18951,58.0
199,199.0,-2.19071,58.1667
200,200.0,-2.19175,58.3333
201,201.0,-2.19277,58.5
202,202.0,-2.19385,58.6667
203,203.0,-2.19502,58.8333
204,204.0,-2.1962,59.0
205,205.0,-2.1975,59.1667
206,206.0,-2.19886,59.3333
207,207.0,-2.20023,59.5
208,208.0,-2.20184,59.6667
209,209.0,-2.20327,59.8333
210,210.0,-2.20463,60.0
211,211.0,-2.20597,60.1667
212,212.0,-2.20719,60.3333
213,213.0,-2.20846,60.5
214,214.0,-2.20982,60.6667
215,215.0,-2.21123,60.8333
216,216.0,-2.21265,61.0
217,217.0,-2.21412,61.1667
218,218.0,-2.21563,61.3333
219,219.0,-2.21712,61.5
220,220.0,-2.21863,61.6667
221,221.0,-2.22012,61.8333
222,222.0,-2.22164,62.0
223,223.0,-2.22313,62.1667
224,224.0,-2.22436,62.3333
225,225.0,-2.22561,62.5
226,226.0,-2.22684,62.6667
227,227.0,-2.22808,62.8333
228,228.0,-2.22912,63.0
229,229.0,-2.23032,63.1667
230,230.0,-2.23157,63.3333
231,231.0,-2.23283,63.5
232,232.0,-2.23436,63.6667
233,233.0,-2.23582,63.8333
234,234.0,-2.23723,64.0
235,235.0,-2.23861,64.1667
236,236.0,-2.24013,64.3333
237,237.0,-2.24156,64.5
238,238.0,-2.24293,64.6667
239,239.0,-2.24417,64.8333
240,240.0,-2.24533,65.0
241,241.0,-2.24652,65.1667
242,242.0,-2.2477,65.3333
243,243.0,-2.24889,65.5
244,244.0,-2.25005,65.6667
245,245.0,-2.25128,65.8333
246,246.0,-2.25251,66.0
247,247.0,-2.25374,66.1667
248,248.0,-2.25502,66.3333
249,249.0,-2.25623,66.5
250,250.0,-2.25736,66.6667
251,251.0,-2.25847,66.8333
252,252.0,-2.25938,67.0
253,253.0,-2.26028,67.1667
254,254.0,-2.26119,67.3333
255,255.0,-2.26204,67.5
256,256.0,-2.26267,67.6667
257,257.0,-2.26336,67.8333
258,258.0,-2.26401,68.0
259,259.0,-2.26462,68.1667
260,260.0,-2.265,68.3333
261,261.0,-2.26528,68.5
262,262.0,-2.26545,68.6667
263,263.0,-2.26572,68.8333
264,264.0,-2.26494,69.0
265,265.0,-2.2646,69.1667
266,266.0,-2.26432,69.3333
267,267.0,-2.26406,69.5
268,268.0,-2.26378,69.6667
269,269.0,-2.26356,69.8333
270,270.0,-2.26334,70.0
271,271.0,-2.26304,70.1667
272,272.0,-2.26279,70.3333
273,273.0,-2.2625,70.5
274,274.0,-2.26212,70.6667
275,275.0,-2.26178,70.8333
276,276.0,-2.26136,71.0
277,277.0,-2.261,71.1667
278,278.0,-2.26064,71.3333
279,279.0,-2.26021,71.5
280,280.0,-2.25983,71.6667
281,281.0,-2.25944,71.8333
282,282.0,-2.259,72.0
283,283.0,-2.25849,72.1667
284,284.0,-2.25797,72.3333
285,285.0,-2.25756,72.5
286,286.0,-2.25728,72.6667
287,287.0,-2.25706,72.8333
288,288.0,-2.25695,73.0
289,289.0,-2.25682,73.1667
290,290.0,-2.25679,73.3333
291,291.0,-2.25682,73.5
292,292.0,-2.25692,73.6667
293,293.0,-2.25687,73.8333
294,294.0,-2.2568,74.0
295,295.0,-2.25676,74.1667
296,296.0,-2.25677,74.3333
297,297.0,-2.25687,74.5
298,298.0,-2.25695,74.6667
299,299.0,-2.25705,74.8333
300,300.0,-2.25731,75.0
301,301.0,-2.25745,75.1667
302,302.0,-2.25749,75.3333
303,303.0,-2.25745,75.5
304,304.0,-2.25729,75.6667
305,305.0,-2.25721,75.8333
306,306.0,-2.2572,76.0
307,307.0,-2.25721,76.1667
308,308.0,-2.25731,76.3333
309,309.0,-2.25745,76.5
310,310.0,-2.25759,76.6667
311,311.0,-2.25772,76.8333
312,312.0,-2.25798,77.0
313,313.0,-2.25813,77.1667
314,314.0,-2.25822,77.3333
315,315.0,-2.25829,77.5
316,316.0,-2.25839,77.6667
317,317.0,-2.2584,77.8333
318,318.0,-2.25834,78.0
319,319.0,-2.25824,78.1667
320,320.0,-2.25809,78.3333
321,321.0,-2.25794,78.5
322,322.0,-2.25784,78.6667
323,323.0,-2.25777,78.8333
324,324.0,-2.25758,79.0
325,325.0,-2.25752,79.1667
326,326.0,-2.25741,79.3333
327,327.0,-2.25729,79.5
328,328.0,-2.25727,79.6667
329,329.0,-2.25719,79.8333
330,330.0,-2.25708,80.0
331,331.0,-2.25692,80.1667
332,332.0,-2.25673,80.3333
333,333.0,-2.25652,80.5
334,334.0,-2.25632,80.6667
335,335.0,-2.2562,80.8333
336,336.0,-2.25615,81.0
337,337.0,-2.25605,81.1667
338,338.0,-2.256,81.3333
339,339.0,-2.25603,81.5
340,340.0,-2.25402,81.6667
341,341.0,-2.24553,81.8333
342,342.0,-2.2364,82.0
343,343.0,-2.23008,82.1667
344,344.0,-2.23182,82.3333
345,345.0,-2.23458,82.5
346,346.0,-2.23748,82.6667
347,347.0,-2.24023,82.8333
348,348.0,-2.24307,83.0
349,349.0,-2.24569,83.1667
350,350.0,-2.24767,83.3333
351,351.0,-2.24918,83.5
352,352.0,-2.25003,83.6667
353,353.0,-2.25089,83.8333
354,354.0,-2.25142,84.0
355,355.0,-2.25166,84.1667
356,356.0,-2.25176,84.3333
357,357.0,-2.25198,84.5
358,358.0,-2.25209,84.6667
359,359.0,-2.25213,84.8333
360,360.0,-2.25208,85.0
361,361.0,-2.25201,85.1667
362,362.0,-2.25186,85.3333
363,363.0,-2.25163,85.5
364,364.0,-2.25121,85.6667
365,365.0,-2.2509,85.8333
366,366.0,-2.2506,86.0
367,367.0,-2.25029,86.1667
368,368.0,-2.24994,86.3333
369,369.0,-2.24961,86.5
370,370.0,-2.24928,86.6667
371,371.0,-2.24895,86.8333
372,372.0,-2.24853,87.0
373,373.0,-2.24801,87.1667
374,374.0,-2.24737,87.3333
375,375.0,-2.24669,87.5
376,376.0,-2.24578,87.6667
377,377.0,-2.24493,87.8333
378,378.0,-2.24402,88.0
379,379.0,-2.24309,88.1667
380,380.0,-2.24208,88.3333
381,381.0,-2.24124,88.5
382,382.0,-2.24048,88.6667
383,383.0,-2.23964,88.8333
384,384.0,-2.23954,89.0
385,385.0,-2.23954,89.1667
386,386.0,-2.23948,89.3333
387,387.0,-2.23944,89.5
388,388.0,-2.23973,89.6667
389,389.0,-2.23977,89.8333
390,390.0,-2.2398,90.0
391,391.0,-2.23988,90.1667
392,392.0,-2.23981,90.3333
393,393.0,-2.2398,90.5
394,394.0,-2.23978,90.6667
395,395.0,-2.23973,90.8333
396,396.0,-2.23954,91.0
397,397.0,-2.23933,91.1667
398,398.0,-2.23917,91.3333
399,399.0,-2.23904,91.5
400,400.0,-2.23874,91.6667
401,401.0,-2.23854,91.8333
402,402.0,-2.23834,92.0
403,403.0,-2.23814,92.1667
404,404.0,-2.2379,92.3333
405,405.0,-2.23765,92.5
406,406.0,-2.23742,92.6667
407,407.0,-2.23724,92.8333
408,408.0,-2.23708,93.0
409,409.0,-2.23701,93.1667
410,410.0,-2.23704,93.3333
411,411.0,-2.23718,93.5
412,412.0,-2.23757,93.6667
413,413.0,-2.23781,93.8333
414,414.0,-2.23808,94.0
415,415.0,-2.2384,94.1667
416,416.0,-2.23874,94.3333
417,417.0,-2.23909,94.5
418,418.0,-2.23944,94.6667
419,419.0,-2.23983,94.8333
420,420.0,-2.24038,95.0
421,421.0,-2.24094,95.1667
422,422.0,-2.24156,95.3333
423,423.0,-2.2422,95.5
424,424.0,-2.24299,95.6667
425,425.0,-2.24358,95.8333
426,426.0,-2.24413,96.0
427,427.0,-2.24472,96.1667
428,428.0,-2.24532,96.3333
429,429.0,-2.24598,96.5
430,430.0,-2.24664,96.6667
431,431.0,-2.2473,96.8333
432,432.0,-2.24814,97.0
433,433.0,-2.24894,97.1667
434,434.0,-2.24969,97.3333
435,435.0,-2.25041,97.5
436,436.0,-2.25108,97.6667
437,437.0,-2.25177,97.8333
438,438.0,-2.25251,98.0
439,439.0,-2.2533,98.1667
440,440.0,-2.25412,98.3333
441,441.0,-2.25508,98.5
442,442.0,-2.25614,98.6667
443,443.0,-2.25719,98.8333
444,444.0,-2.25857,99.0
445,445.0,-2.25985,99.1667
446,446.0,-2.2611,99.3333
447,447.0,-2.2623,99.5
448,448.0,-2.26362,99.6667
449,449.0,-2.26483,99.8333
450,450.0,-2.26601,100.0
451,451.0,-2.26722,100.167
452,452.0,-2.26832,100.333
453,453.0,-2.26949,100.5
454,454.0,-2.27068,100.667
455,455.0,-2.27192,100.833
456,456.0,-2.27313,101.0
457,457.0,-2.27437,101.167
458,458.0,-2.27562,101.333
459,459.0,-2.27684,101.5
460,460.0,-2.27819,101.667
461,461.0,-2.27957,101.833
462,462.0,-2.28099,102.0
463,463.0,-2.28242,102.167
464,464.0,-2.28393,102.333
465,465.0,-2.28528,102.5
466,466.0,-2.28657,102.667
467,467.0,-2.28786,102.833
468,468.0,-2.28903,103.0
469,469.0,-2.29026,103.167
470,470.0,-2.29153,103.333
471,471.0,-2.29281,103.5
472,472.0,-2.29414,103.667
473,473.0,-2.29542,103.833
474,474.0,-2.29665,104.0
475,475.0,-2.29788,104.167
476,476.0,-2.29923,104.333
477,477.0,-2.30064,104.5
478,478.0,-2.302,104.667
479,479.0,-2.30335,104.833
480,480.0,-2.30478,105.0
481,481.0,-2.30611,105.167
482,482.0,-2.30742,105.333
483,483.0,-2.30875,105.5
484,484.0,-2.31,105.667
485,485.0,-2.3113,105.833
486,486.0,-2.31259,106.0
487,487.0,-2.31387,106.167
488,488.0,-2.31524,106.333
489,489.0,-2.31656,106.5
490,490.0,-2.31788,106.667
491,491.0,-2.31922,106.833
492,492.0,-2.32067,107.0
493,493.0,-2.32214,107.167
494,494.0,-2.32361,107.333
495,495.0,-2.32512,107.5
496,496.0,-2.3267,107.667
497,497.0,-2.32823,107.833
498,498.0,-2.32972,108.0
499,499.0,-2.33121,108.167
500,500.0,-2.33258,108.333
501,501.0,-2.33396,108.5
502,502.0,-2.3353,108.667
503,503.0,-2.33661,108.833
504,504.0,-2.33777,109.0
505,505.0,-2.33895,109.167
506,506.0,-2.34009,109.333
507,507.0,-2.34121,109.5
508,508.0,-2.34218,109.667
509,509.0,-2.34328,109.833
510,510.0,-2.34443,110.0
511,511.0,-2.3456,110.167
512,512.0,-2.34678,110.333
513,513.0,-2.34785,110.5
514,514.0,-2.34886,110.667
515,515.0,-2.34988,110.833
516,516.0,-2.35088,111.0
517,517.0,-2.352,111.167
518,518.0,-2.35316,111.333
519,519.0,-2.35435,111.5
520,520.0,-2.35561,111.667
521,521.0,-2.35686,111.833
522,522.0,-2.3581,112.0
523,523.0,-2.35929,112.167
524,524.0,-2.36049,112.333
525,525.0,-2.36164,112.5
526,526.0,-2.36268,112.667
527,527.0,-2.36366,112.833
528,528.0,-2.36458,113.0
529,529.0,-2.36548,113.167
530,530.0,-2.36636,113.333
531,531.0,-2.36726,113.5
532,532.0,-2.36819,113.667
533,533.0,-2.36923,113.833
534,534.0,-2.37029,114.0
535,535.0,-2.37134,114.167
536,536.0,-2.37265,114.333
537,537.0,-2.37382,114.5
538,538.0,-2.37496,114.667
539,539.0,-2.37605,114.833
540,540.0,-2.37712,115.0
541,541.0,-2.37819,115.167
542,542.0,-2.37922,115.333
543,543.0,-2.38021,115.5
544,544.0,-2.381,115.667
545,545.0,-2.38185,115.833
546,546.0,-2.38274,116.0
547,547.0,-2.38362,116.167
548,548.0,-2.38441,116.333
549,549.0,-2.38537,116.5
550,550.0,-2.38641,116.667
551,551.0,-2.38746,116.833
552,552.0,-2.38861,117.0
553,553.0,-2.38967,117.167
554,554.0,-2.39068,117.333
555,555.0,-2.39168,117.5
556,556.0,-2.39248,117.667
557,557.0,-2.39335,117.833
558,558.0,-2.39418,118.0
559,559.0,-2.39498,118.167
560,560.0,-2.39557,118.333
561,561.0,-2.39623,118.5
562,562.0,-2.39692,118.667
563,563.0,-2.39762,118.833
564,564.0,-2.39817,119.0
565,565.0,-2.39882,119.167
566,566.0,-2.39945,119.333
567,567.0,-2.40008,119.5
568,568.0,-2.40079,119.667
569,569.0,-2.4015,119.833
570,570.0,-2.40221,120.0
571,571.0,-2.4029,120.167
572,572.0,-2.40361,120.333
573,573.0,-2.40429,120.5
574,574.0,-2.40497,120.667
575,575.0,-2.40565,120.833
576,576.0,-2.40619,121.0
577,577.0,-2.40676,121.167
578,578.0,-2.40736,121.333
579,579.0,-2.40793,121.5
580,580.0,-2.40847,121.667
581,581.0,-2.40905,121.833
582,582.0,-2.40961,122.0
583,583.0,-2.41014,122.167
584,584.0,-2.41056,122.333
585,585.0,-2.41093,122.5
586,586.0,-2.41131,122.667
587,587.0,-2.41174,122.833
588,588.0,-2.41215,123.0
589,589.0,-2.4127,123.167
590,590.0,-2.41334,123.333
591,591.0,-2.41405,123.5
592,592.0,-2.41507,123.667
593,593.0,-2.41585,123.833
594,594.0,-2.41651,124.0
595,595.0,-2.41712,124.167
596,596.0,-2.41753,124.333
597,597.0,-2.41793,124.5
598,598.0,-2.41826,124.667
599,599.0,-2.41855,124.833
600,600.0,-2.41872,125.0
601,601.0,-2.41897,125.167
602,602.0,-2.41921,125.333
603,603.0,-2.41941,125.5
604,604.0,-2.41953,125.667
605,605.0,-2.41969,125.833
606,606.0,-2.41971,126.0
607,607.0,-2.41946,126.167
608,608.0,-2.41709,126.333
609,609.0,-2.41353,126.5
610,610.0,-2.41247,126.667
611,611.0,-2.41258,126.833
612,612.0,-2.41381,127.0
613,613.0,-2.41452,127.167
614,614.0,-2.41513,127.333
615,615.0,-2.41583,127.5
616,616.0,-2.41637,127.667
617,617.0,-2.41685,127.833
618,618.0,-2.41725,128.0
619,619.0,-2.41761,128.167
620,620.0,-2.41754,128.333
621,621.0,-2.41757,128.5
622,622.0,-2.4176,128.667
623,623.0,-2.4176,128.833
624,624.0,-2.41729,129.0
625,625.0,-2.41714,129.167
626,626.0,-2.41705,129.333
627,627.0,-2.41698,129.5
628,628.0,-2.41711,129.667
629,629.0,-2.41727,129.833
630,630.0,-2.41758,130.0
631,631.0,-2.41797,130.167
632,632.0,-2.41858,130.333
633,633.0,-2.41901,130.5
634,634.0,-2.4194,130.667
635,635.0,-2.41978,130.833
636,636.0,-2.42004,131.0
637,637.0,-2.4204,131.167
638,638.0,-2.4208,131.333
639,639.0,-2.4212,131.5
640,640.0,-2.42167,131.667
641,641.0,-2.42216,131.833
642,642.0,-2.42269,132.0
643,643.0,-2.42322,132.167
644,644.0,-2.42377,132.333
645,645.0,-2.4242,132.5
646,646.0,-2.42454,132.667
647,647.0,-2.42481,132.833
648,648.0,-2.42492,133.0
649,649.0,-2.4252,133.167
650,650.0,-2.42551,133.333
651,651.0,-2.42578,133.5
652,652.0,-2.42592,133.667
653,653.0,-2.42602,133.833
654,654.0,-2.42609,134.0
655,655.0,-2.42614,134.167
656,656.0,-2.42599,134.333
657,657.0,-2.42594,134.5
658,658.0,-2.42595,134.667
659,659.0,-2.42596,134.833
660,660.0,-2.42603,135.0
661,661.0,-2.42605,135.167
662,662.0,-2.42611,135.333
663,663.0,-2.42623,135.5
664,664.0,-2.42633,135.667
665,665.0,-2.42641,135.833
666,666.0,-2.42645,136.0
667,667.0,-2.42647,136.167
668,668.0,-2.4265,136.333
669,669.0,-2.42649,136.5
670,670.0,-2.42638,136.667
671,671.0,-2.42625,136.833
672,672.0,-2.42601,137.0
673,673.0,-2.42581,137.167
674,674.0,-2.42556,137.333
675,675.0,-2.42529,137.5
676,676.0,-2.42492,137.667
677,677.0,-2.42458,137.833
678,678.0,-2.42421,138.0
679,679.0,-2.42387,138.167
680,680.0,-2.42366,138.333
681,681.0,-2.42345,138.5
682,682.0,-2.42324,138.667
683,683.0,-2.42303,138.833
684,684.0,-2.42296,139.0
685,685.0,-2.42282,139.167
686,686.0,-2.42267,139.333
687,687.0,-2.42254,139.5
688,688.0,-2.42229,139.667
689,689.0,-2.42204,139.833
690,690.0,-2.42189,140.0
691,691.0,-2.42181,140.167
692,692.0,-2.42192,140.333
693,693.0,-2.42217,140.5
694,694.0,-2.42251,140.667
695,695.0,-2.42287,140.833
696,696.0,-2.42351,141.0
697,697.0,-2.42392,141.167
698,698.0,-2.42422,141.333
699,699.0,-2.42446,141.5
700,700.0,-2.42446,141.667
701,701.0,-2.4246,141.833
702,702.0,-2.42472,142.0
703,703.0,-2.42482,142.167
704,704.0,-2.42488,142.333
705,705.0,-2.42495,142.5
706,706.0,-2.42508,142.667
707,707.0,-2.4252,142.833
708,708.0,-2.42516,143.0
709,709.0,-2.42509,143.167
710,710.0,-2.42499,143.333
711,711.0,-2.42488,143.5
712,712.0,-2.42449,143.667
713,713.0,-2.42417,143.833
714,714.0,-2.42388,144.0
715,715.0,-2.42358,144.167
716,716.0,-2.42325,144.333
717,717.0,-2.42304,144.5
718,718.0,-2.4229,144.667
719,719.0,-2.42282,144.833
720,720.0,-2.42301,145.0
721,721.0,-2.42316,145.167
722,722.0,-2.42333,145.333
723,723.0,-2.42352,145.5
724,724.0,-2.4241,145.667
725,725.0,-2.42463,145.833
726,726.0,-2.42523,146.0
727,727.0,-2.42591,146.167
728,728.0,-2.42692,146.333
729,729.0,-2.42782,146.5
730,730.0,-2.42874,146.667
731,731.0,-2.42969,146.833
732,732.0,-2.43064,147.0
733,733.0,-2.43151,147.167
734,734.0,-2.43226,147.333
735,735.0,-2.4328,147.5
736,736.0,-2.43348,147.667
737,737.0,-2.43402,147.833
738,738.0,-2.43362,148.0
739,739.0,-2.43359,148.167
740,740.0,-2.43384,148.333
741,741.0,-2.43413,148.5
742,742.0,-2.43472,148.667
743,743.0,-2.43525,148.833
744,744.0,-2.43615,149.0
745,745.0,-2.43688,149.167
746,746.0,-2.43757,149.333
747,747.0,-2.43817,149.5
748,748.0,-2.43989,149.667
749,749.0,-2.44476,149.833
750,750.0,-2.44878,150.0
751,751.0,-2.44972,150.167
752,752.0,-2.44887,150.333
753,753.0,-2.44852,150.5
754,754.0,-2.4487,150.667
755,755.0,-2.44868,150.833
756,756.0,-2.44937,151.0
757,757.0,-2.44987,151.167
758,758.0,-2.45042,151.333
759,759.0,-2.45103,151.5
760,760.0,-2.45187,151.667
761,761.0,-2.45258,151.833
762,762.0,-2.45327,152.0
763,763.0,-2.45399,152.167
764,764.0,-2.4546,152.333
765,765.0,-2.45517,152.5
766,766.0,-2.45578,152.667
767,767.0,-2.45638,152.833
768,768.0,-2.45658,153.0
769,769.0,-2.45513,153.167
770,770.0,-2.45193,153.333
771,771.0,-2.45081,153.5
772,772.0,-2.45232,153.667
773,773.0,-2.45376,153.833
774,774.0,-2.45506,154.0
775,775.0,-2.4562,154.167
776,776.0,-2.45777,154.333
777,777.0,-2.45932,154.5
778,778.0,-2.46078,154.667
779,779.0,-2.46223,154.833
780,780.0,-2.46432,155.0
781,781.0,-2.48466,155.167
782,782.0,-2.53688,155.333
783,783.0,-2.5818,155.5
784,784.0,-2.57241,155.667
785,785.0,-2.5637,155.833
786,786.0,-2.55624,156.0
787,787.0,-2.5498,156.167
788,788.0,-2.54618,156.333
789,789.0,-2.54343,156.5
790,790.0,-2.54108,156.667
791,791.0,-2.53876,156.833
792,792.0,-2.53748,157.0
793,793.0,-2.53596,157.167
794,794.0,-2.53453,157.333
795,795.0,-2.53323,157.5
796,796.0,-2.53256,157.667
797,797.0,-2.53185,157.833
798,798.0,-2.53129,158.0
799,799.0,-2.53084,158.167
800,800.0,-2.53106,158.333
801,801.0,-2.53111,158.5
802,802.0,-2.53115,158.667
803,803.0,-2.53123,158.833
804,804.0,-2.53179,159.0
805,805.0,-2.53219,159.167
806,806.0,-2.53259,159.333
807,807.0,-2.533,159.5
808,808.0,-2.53335,159.667
809,809.0,-2.53356,159.833
810,810.0,-2.53367,160.0
811,811.0,-2.53387,160.167
812,812.0,-2.53355,160.333
813,813.0,-2.53291,160.5
814,814.0,-2.53085,160.667
815,815.0,-2.52757,160.833
816,816.0,-2.52383,161.0
817,817.0,-2.5204,161.167
818,818.0,-2.51745,161.333
819,819.0,-2.51548,161.5
820,820.0,-2.51657,161.667
821,821.0,-2.51736,161.833
822,822.0,-2.51816,162.0
823,823.0,-2.51883,162.167
824,824.0,-2.51996,162.333
825,825.0,-2.52093,162.5
826,826.0,-2.5219,162.667
827,827.0,-2.52291,162.833
828,828.0,-2.52397,163.0
829,829.0,-2.52496,163.167
830,830.0,-2.5259,163.333
831,831.0,-2.52676,163.5
832,832.0,-2.52758,163.667
833,833.0,-2.52839,163.833
834,834.0,-2.52915,164.0
835,835.0,-2.52992,164.167
836,836.0,-2.53062,164.333
837,837.0,-2.53135,164.5
838,838.0,-2.53207,164.667
839,839.0,-2.53279,164.833
840,840.0,-2.53348,165.0
841,841.0,-2.53411,165.167
842,842.0,-2.53469,165.333
843,843.0,-2.53524,165.5
844,844.0,-2.53563,165.667
845,845.0,-2.53606,165.833
846,846.0,-2.53651,166.0
847,847.0,-2.53694,166.167
848,848.0,-2.5372,166.333
849,849.0,-2.53748,166.5
850,850.0,-2.53777,166.667
851,851.0,-2.53805,166.833
852,852.0,-2.53833,167.0
853,853.0,-2.53864,167.167
854,854.0,-2.53892,167.333
855,855.0,-2.53914,167.5
856,856.0,-2.53934,167.667
857,857.0,-2.53951,167.833
858,858.0,-2.5396,168.0
859,859.0,-2.53967,168.167
860,860.0,-2.53961,168.333
861,861.0,-2.53968,168.5
862,862.0,-2.53978,168.667
863,863.0,-2.53983,168.833
864,864.0,-2.53984,169.0
865,865.0,-2.53984,169.167
866,866.0,-2.53986,169.333
867,867.0,-2.5399,169.5
868,868.0,-2.5399,169.667
869,869.0,-2.53998,169.833
870,870.0,-2.54012,170.0
871,871.0,-2.54029,170.167
872,872.0,-2.54058,170.333
873,873.0,-2.54074,170.5
874,874.0,-2.5409,170.667
875,875.0,-2.54105,170.833
876,876.0,-2.54105,171.0
877,877.0,-2.54111,171.167
878,878.0,-2.54117,171.333
879,879.0,-2.5412,171.5
880,880.0,-2.54122,171.667
881,881.0,-2.54121,171.833
882,882.0,-2.54117,172.0
883,883.0,-2.54112,172.167
884,884.0,-2.54106,172.333
885,885.0,-2.54097,172.5
886,886.0,-2.54081,172.667
887,887.0,-2.54067,172.833
888,888.0,-2.52937,173.0
889,889.0,-2.51702,173.167
890,890.0,-2.5094,173.333
891,891.0,-2.50294,173.5
892,892.0,-2.4988,173.667
893,893.0,-2.49835,173.833
894,894.0,-2.49964,174.0
895,895.0,-2.50149,174.167
896,896.0,-2.50354,174.333
897,897.0,-2.5051,174.5
898,898.0,-2.50666,174.667
899,899.0,-2.50822,174.833
900,900.0,-2.50947,175.0
901,901.0,-2.51081,175.167
902,902.0,-2.51211,175.333
903,903.0,-2.51335,175.5
904,904.0,-2.51442,175.667
905,905.0,-2.51551,175.833
906,906.0,-2.51653,176.0
907,907.0,-2.51749,176.167
908,908.0,-2.5182,176.333
909,909.0,-2.51889,176.5
910,910.0,-2.51948,176.667
911,911.0,-2.51998,176.833
912,912.0,-2.52022,177.0
913,913.0,-2.5206,177.167
914,914.0,-2.52097,177.333
915,915.0,-2.52131,177.5
916,916.0,-2.52165,177.667
917,917.0,-2.52208,177.833
918,918.0,-2.52257,178.0
919,919.0,-2.52308,178.167
920,920.0,-2.52371,178.333
921,921.0,-2.52429,178.5
922,922.0,-2.52485,178.667
923,923.0,-2.52538,178.833
924,924.0,-2.52592,179.0
925,925.0,-2.52644,179.167
926,926.0,-2.52692,179.333
927,927.0,-2.52737,179.5
928,928.0,-2.52775,179.667
929,929.0,-2.52815,179.833
930,930.0,-2.5285,180.0
931,931.0,-2.52881,180.167
932,932.0,-2.52914,180.333
933,933.0,-2.52949,180.5
934,934.0,-2.52986,180.667
935,935.0,-2.53027,180.833
936,936.0,-2.53075,181.0
937,937.0,-2.53121,181.167
938,938.0,-2.53169,181.333
939,939.0,-2.53218,181.5
940,940.0,-2.53277,181.667
941,941.0,-2.53335,181.833
942,942.0,-2.53396,182.0
943,943.0,-2.5346,182.167
944,944.0,-2.53523,182.333
945,945.0,-2.53575,182.5
946,946.0,-2.53624,182.667
947,947.0,-2.53669,182.833
948,948.0,-2.53691,183.0
949,949.0,-2.53707,183.167
950,950.0,-2.53708,183.333
951,951.0,-2.53702,183.5
952,952.0,-2.53677,183.667
953,953.0,-2.53669,183.833
954,954.0,-2.53671,184.0
955,955.0,-2.53679,184.167
956,956.0,-2.5371,184.333
957,957.0,-2.53743,184.5
958,958.0,-2.53781,184.667
959,959.0,-2.53824,184.833
960,960.0,-2.53907,185.0
961,961.0,-2.53982,185.167
962,962.0,-2.5405,185.333
963,963.0,-2.54109,185.5
964,964.0,-2.54164,185.667
965,965.0,-2.54211,185.833
966,966.0,-2.54253,186.0
967,967.0,-2.54291,186.167
968,968.0,-2.543,186.333
969,969.0,-2.54319,186.5
970,970.0,-2.54326,186.667
971,971.0,-2.54338,186.833
972,972.0,-2.54348,187.0
973,973.0,-2.54309,187.167
974,974.0,-2.5416,187.333
975,975.0,-2.53988,187.5
976,976.0,-2.54012,187.667
977,977.0,-2.54041,187.833
978,978.0,-2.54085,188.0
979,979.0,-2.54161,188.167
980,980.0,-2.54257,188.333
981,981.0,-2.54334,188.5
982,982.0,-2.54414,188.667
983,983.0,-2.54497,188.833
984,984.0,-2.54587,189.0
985,985.0,-2.54676,189.167
986,986.0,-2.54763,189.333
987,987.0,-2.54851,189.5
988,988.0,-2.54941,189.667
989,989.0,-2.55027,189.833
990,990.0,-2.55114,190.0
991,991.0,-2.55202,190.167
992,992.0,-2.55275,190.333
993,993.0,-2.55354,190.5
994,994.0,-2.55434,190.667
995,995.0,-2.55512,190.833
996,996.0,-2.5559,191.0
997,997.0,-2.55672,191.167
998,998.0,-2.55751,191.333
999,999.0,-2.55828,191.5
1000,1000.0,-2.55913,191.667
1001,1001.0,-2.55996,191.833
1002,1002.0,-2.56077,192.0
1003,1003.0,-2.56157,192.167
1004,1004.0,-2.56221,192.333
1005,1005.0,-2.56277,192.5
1006,1006.0,-2.56325,192.667
1007,1007.0,-2.5637,192.833
1008,1008.0,-2.56389,193.0
1009,1009.0,-2.56424,193.167
1010,1010.0,-2.56466,193.333
1011,1011.0,-2.5651,193.5
1012,1012.0,-2.5657,193.667
1013,1013.0,-2.5663,193.833
1014,1014.0,-2.56696,194.0
1015,1015.0,-2.56766,194.167
1016,1016.0,-2.5686,194.333
1017,1017.0,-2.56941,194.5
1018,1018.0,-2.57018,194.667
1019,1019.0,-2.57091,194.833
1020,1020.0,-2.57159,195.0
1021,1021.0,-2.57227,195.167
1022,1022.0,-2.57291,195.333
1023,1023.0,-2.57353,195.5
1024,1024.0,-2.57397,195.667
1025,1025.0,-2.57454,195.833
1026,1026.0,-2.57519,196.0
1027,1027.0,-2.57589,196.167
1028,1028.0,-2.57661,196.333
1029,1029.0,-2.57738,196.5
1030,1030.0,-2.57824,196.667
1031,1031.0,-2.57912,196.833
1032,1032.0,-2.58012,197.0
1033,1033.0,-2.58106,197.167
1034,1034.0,-2.58201,197.333
1035,1035.0,-2.58298,197.5
1036,1036.0,-2.58396,197.667
1037,1037.0,-2.58491,197.833
1038,1038.0,-2.5858,198.0
1039,1039.0,-2.58664,198.167
1040,1040.0,-2.58746,198.333
1041,1041.0,-2.58834,198.5
1042,1042.0,-2.58924,198.667
1043,1043.0,-2.59011,198.833
1044,1044.0,-2.59095,199.0
1045,1045.0,-2.59175,199.167
1046,1046.0,-2.59256,199.333
1047,1047.0,-2.59336,199.5
1048,1048.0,-2.59409,199.667
1049,1049.0,-2.59487,199.833
1050,1050.0,-2.59568,200.0
1051,1051.0,-2.59651,200.167
1052,1052.0,-2.59739,200.333
1053,1053.0,-2.59824,200.5
1054,1054.0,-2.59908,200.667
1055,1055.0,-2.59995,200.833
1056,1056.0,-2.60087,201.0
1057,1057.0,-2.60178,201.167
1058,1058.0,-2.6027,201.333
1059,1059.0,-2.60362,201.5
1060,1060.0,-2.60459,201.667
1061,1061.0,-2.6056,201.833
1062,1062.0,-2.61466,202.0
1063,1063.0,-2.63967,202.167
1064,1064.0,-2.65884,202.333
1065,1065.0,-2.66019,202.5
1066,1066.0,-2.65707,202.667
1067,1067.0,-2.65286,202.833
1068,1068.0,-2.65038,203.0
1069,1069.0,-2.64883,203.167
1070,1070.0,-2.64778,203.333
1071,1071.0,-2.64732,203.5
1072,1072.0,-2.64759,203.667
1073,1073.0,-2.64761,203.833
1074,1074.0,-2.64777,204.0
1075,1075.0,-2.64806,204.167
1076,1076.0,-2.64861,204.333
1077,1077.0,-2.64927,204.5
1078,1078.0,-2.6505,204.667
1079,1079.0,-2.65196,204.833
1080,1080.0,-2.65318,205.0
1081,1081.0,-2.6542,205.167
1082,1082.0,-2.65523,205.333
1083,1083.0,-2.65631,205.5
1084,1084.0,-2.65698,205.667
1085,1085.0,-2.65781,205.833
1086,1086.0,-2.65868,206.0
1087,1087.0,-2.65952,206.167
1088,1088.0,-2.66036,206.333
1089,1089.0,-2.66119,206.5
1090,1090.0,-2.66206,206.667
1091,1091.0,-2.66294,206.833
1092,1092.0,-2.66391,207.0
1093,1093.0,-2.66493,207.167
1094,1094.0,-2.66601,207.333
1095,1095.0,-2.66714,207.5
1096,1096.0,-2.6685,207.667
1097,1097.0,-2.66977,207.833
1098,1098.0,-2.67106,208.0
1099,1099.0,-2.67238,208.167
1100,1100.0,-2.67372,208.333
1101,1101.0,-2.67503,208.5
1102,1102.0,-2.67636,208.667
1103,1103.0,-2.67774,208.833
1104,1104.0,-2.67929,209.0
1105,1105.0,-2.68086,209.167
1106,1106.0,-2.68242,209.333
1107,1107.0,-2.68399,209.5
1108,1108.0,-2.68567,209.667
1109,1109.0,-2.68716,209.833
1110,1110.0,-2.68857,210.0
1111,1111.0,-2.68994,210.167
1112,1112.0,-2.691,210.333
1113,1113.0,-2.69222,210.5
1114,1114.0,-2.69347,210.667
1115,1115.0,-2.69472,210.833
1116,1116.0,-2.69604,211.0
1117,1117.0,-2.69741,211.167
1118,1118.0,-2.69879,211.333
1119,1119.0,-2.7002,211.5
1120,1120.0,-2.70178,211.667
1121,1121.0,-2.70326,211.833
1122,1122.0,-2.70471,212.0
1123,1123.0,-2.70615,212.167
1124,1124.0,-2.7076,212.333
1125,1125.0,-2.70905,212.5
1126,1126.0,-2.71046,212.667
1127,1127.0,-2.71184,212.833
1128,1128.0,-2.7132,213.0
1129,1129.0,-2.71457,213.167
1130,1130.0,-2.71597,213.333
1131,1131.0,-2.71738,213.5
1132,1132.0,-2.71883,213.667
1133,1133.0,-2.72035,213.833
1134,1134.0,-2.72192,214.0
1135,1135.0,-2.7235,214.167
1136,1136.0,-2.72526,214.333
1137,1137.0,-2.72695,214.5
1138,1138.0,-2.72868,214.667
1139,1139.0,-2.73048,214.833
1140,1140.0,-2.73251,215.0
1141,1141.0,-2.7345,215.167
1142,1142.0,-2.73649,215.333
1143,1143.0,-2.73855,215.5
1144,1144.0,-2.74077,215.667
1145,1145.0,-2.74282,215.833
1146,1146.0,-2.74475,216.0
1147,1147.0,-2.74661,216.167
1148,1148.0,-2.74823,216.333
1149,1149.0,-2.74995,216.5
1150,1150.0,-2.75163,216.667
1151,1151.0,-2.75324,216.833
1152,1152.0,-2.75474,217.0
1153,1153.0,-2.75632,217.167
1154,1154.0,-2.75793,217.333
1155,1155.0,-2.75959,217.5
1156,1156.0,-2.76132,217.667
1157,1157.0,-2.76305,217.833
1158,1158.0,-2.76481,218.0
1159,1159.0,-2.76662,218.167
1160,1160.0,-2.76853,218.333
1161,1161.0,-2.7704,218.5
1162,1162.0,-2.77233,218.667
1163,1163.0,-2.77431,218.833
1164,1164.0,-2.77636,219.0
1165,1165.0,-2.77841,219.167
1166,1166.0,-2.78051,219.333
1167,1167.0,-2.78265,219.5
1168,1168.0,-2.78485,219.667
1169,1169.0,-2.78702,219.833
1170,1170.0,-2.7892,220.0
1171,1171.0,-2.79139,220.167
1172,1172.0,-2.79352,220.333
1173,1173.0,-2.79565,220.5
1174,1174.0,-2.79783,220.667
1175,1175.0,-2.80004,220.833
1176,1176.0,-2.80215,221.0
1177,1177.0,-2.80424,221.167
1178,1178.0,-2.8063,221.333
1179,1179.0,-2.80834,221.5
1180,1180.0,-2.81024,221.667
1181,1181.0,-2.81215,221.833
1182,1182.0,-2.81409,222.0
1183,1183.0,-2.81604,222.167
1184,1184.0,-2.81803,222.333
1185,1185.0,-2.82014,222.5
1186,1186.0,-2.82234,222.667
1187,1187.0,-2.82463,222.833
1188,1188.0,-2.82725,223.0
1189,1189.0,-2.82969,223.167
1190,1190.0,-2.83205,223.333
1191,1191.0,-2.83439,223.5
1192,1192.0,-2.83669,223.667
1193,1193.0,-2.8389,223.833
1194,1194.0,-2.84112,224.0
1195,1195.0,-2.84332,224.167
1196,1196.0,-2.8455,224.333
1197,1197.0,-2.84789,224.5
1198,1198.0,-2.85021,224.667
1199,1199.0,-2.85256,224.833
1200,1200.0,-2.85613,225.0
1201,1201.0,-2.86067,225.167
1202,1202.0,-2.86519,225.333
1203,1203.0,-2.86951,225.5
1204,1204.0,-2.87344,225.667
1205,1205.0,-2.87733,225.833
1206,1206.0,-2.88106,226.0
1207,1207.0,-2.88468,226.167
1208,1208.0,-2.88769,226.333
1209,1209.0,-2.89098,226.5
1210,1210.0,-2.89433,226.667
1211,1211.0,-2.89769,226.833
1212,1212.0,-2.90101,227.0
1213,1213.0,-2.90444,227.167
1214,1214.0,-2.90794,227.333
1215,1215.0,-2.91144,227.5
1216,1216.0,-2.9151,227.667
1217,1217.0,-2.91869,227.833
1218,1218.0,-2.9223,228.0
1219,1219.0,-2.92593,228.167
1220,1220.0,-2.92964,228.333
1221,1221.0,-2.93344,228.5
1222,1222.0,-2.93733,228.667
1223,1223.0,-2.94128,228.833
1224,1224.0,-2.9455,229.0
1225,1225.0,-2.94966,229.167
1226,1226.0,-2.95386,229.333
1227,1227.0,-2.95809,229.5
1228,1228.0,-2.96261,229.667
1229,1229.0,-2.96708,229.833
1230,1230.0,-2.97159,230.0
1231,1231.0,-2.97616,230.167
1232,1232.0,-2.9811,230.333
1233,1233.0,-2.98605,230.5
1234,1234.0,-2.9911,230.667
1235,1235.0,-2.99625,230.833
1236,1236.0,-3.00183,231.0
1237,1237.0,-3.00726,231.167
1238,1238.0,-3.01271,231.333
1239,1239.0,-3.01823,231.5
1240,1240.0,-3.0241,231.667
1241,1241.0,-3.02995,231.833
1242,1242.0,-3.03588,232.0
1243,1243.0,-3.04187,232.167
1244,1244.0,-3.04828,232.333
1245,1245.0,-3.05454,232.5
1246,1246.0,-3.06079,232.667
1247,1247.0,-3.06708,232.833
1248,1248.0,-3.07363,233.0
1249,1249.0,-3.08019,233.167
1250,1250.0,-3.08683,233.333
1251,1251.0,-3.09357,233.5
1252,1252.0,-3.10064,233.667
1253,1253.0,-3.10775,233.833
1254,1254.0,-3.11501,234.0
1255,1255.0,-3.1224,234.167
1256,1256.0,-3.13042,234.333
1257,1257.0,-3.13838,234.5
1258,1258.0,-3.1465,234.667
1259,1259.0,-3.15473,234.833
1260,1260.0,-3.16361,235.0
1261,1261.0,-3.17234,235.167
1262,1262.0,-3.18113,235.333
1263,1263.0,-3.19,235.5
1264,1264.0,-3.19934,235.667
1265,1265.0,-3.20862,235.833
1266,1266.0,-3.21796,236.0
1267,1267.0,-3.22742,236.167
1268,1268.0,-3.23738,236.333
1269,1269.0,-3.2473,236.5
1270,1270.0,-3.25733,236.667
1271,1271.0,-3.26746,236.833
1272,1272.0,-3.27822,237.0
1273,1273.0,-3.28885,237.167
1274,1274.0,-3.29956,237.333
1275,1275.0,-3.31067,237.5
1276,1276.0,-3.32223,237.667
1277,1277.0,-3.33405,237.833
1278,1278.0,-3.34751,238.0
1279,1279.0,-3.36287,238.167
1280,1280.0,-3.37916,238.333
1281,1281.0,-3.39656,238.5
1282,1282.0,-3.41449,238.667
1283,1283.0,-3.43221,238.833
1284,1284.0,-3.44735,239.0
1285,1285.0,-3.46145,239.167
1286,1286.0,-3.4743,239.333
1287,1287.0,-3.48673,239.5
1288,1288.0,-3.49859,239.667
1289,1289.0,-3.51033,239.833
1290,1290.0,-3.52207,240.0
1291,1291.0,-3.53376,240.167
1292,1292.0,-3.54503,240.333
1293,1293.0,-3.55648,240.5
1294,1294.0,-3.56787,240.667
1295,1295.0,-3.57917,240.833
1296,1296.0,-3.5903,241.0
1297,1297.0,-3.60133,241.167
1298,1298.0,-3.61221,241.333
1299,1299.0,-3.62301,241.5
1300,1300.0,-3.63341,241.667
1301,1301.0,-3.64398,241.833
1302,1302.0,-3.65452,242.0
1303,1303.0,-3.66501,242.167
1304,1304.0,-3.6752,242.333
1305,1305.0,-3.68556,242.5
1306,1306.0,-3.69611,242.667
1307,1307.0,-3.70678,242.833
1308,1308.0,-3.71682,243.0
1309,1309.0,-3.72747,243.167
1310,1310.0,-3.73938,243.333
1311,1311.0,-3.75181,243.5
1312,1312.0,-3.76385,243.667
1313,1313.0,-3.7758,243.833
1314,1314.0,-3.78769,244.0
1315,1315.0,-3.79951,244.167
1316,1316.0,-3.81105,244.333
1317,1317.0,-3.82273,244.5
1318,1318.0,-3.83408,244.667
1319,1319.0,-3.84482,244.833
1320,1320.0,-3.8542,245.0
1321,1321.0,-3.86326,245.167
1322,1322.0,-3.87212,245.333
1323,1323.0,-3.88059,245.5
1324,1324.0,-3.88867,245.667
1325,1325.0,-3.89701,245.833
1326,1326.0,-3.9055,246.0
1327,1327.0,-3.91389,246.167
1328,1328.0,-3.92166,246.333
1329,1329.0,-3.93098,246.5
1330,1330.0,-3.94215,246.667
1331,1331.0,-3.95421,246.833
1332,1332.0,-3.9652,247.0
1333,1333.0,-3.975,247.167
1334,1334.0,-3.98508,247.333
1335,1335.0,-3.9975,247.5
1336,1336.0,-4.00906,247.667
1337,1337.0,-4.01435,247.833
1338,1338.0,-4.013,248.0
1339,1339.0,-4.00732,248.167
1340,1340.0,-3.99156,248.333
1341,1341.0,-3.97126,248.5
1342,1342.0,-3.94805,248.667
1343,1343.0,-3.92315,248.833
1344,1344.0,-3.88974,249.0
1345,1345.0,-3.85435,249.167
1346,1346.0,-3.81614,249.333
1347,1347.0,-3.77614,249.5
1348,1348.0,-3.72798,249.667
1349,1349.0,-3.67541,249.833
1350,1350.0,-3.61711,250.0
1351,1351.0,-3.5548,250.167
1352,1352.0,-3.48202,250.333
1353,1353.0,-3.40454,250.5
1354,1354.0,-3.32194,250.667
1355,1355.0,-3.23579,250.833
1356,1356.0,-3.1463,251.0
1357,1357.0,-3.0575,251.167
1358,1358.0,-2.97031,251.333
1359,1359.0,-2.8845,251.5
1360,1360.0,-2.80878,251.667
1361,1361.0,-2.73901,251.833
1362,1362.0,-2.67704,252.0
1363,1363.0,-2.62056,252.167
1364,1364.0,-2.5773,252.333
1365,1365.0,-2.5399,252.5
1366,1366.0,-2.50892,252.667
1367,1367.0,-2.48193,252.833
1368,1368.0,-2.4631,253.0
1369,1369.0,-2.44819,253.167
1370,1370.0,-2.43712,253.333
1371,1371.0,-2.42764,253.5
1372,1372.0,-2.42208,253.667
1373,1373.0,-2.41777,253.833
1374,1374.0,-2.41508,254.0
1375,1375.0,-2.41351,254.167
1376,1376.0,-2.413,254.333
1377,1377.0,-2.41273,254.5
1378,1378.0,-2.41308,254.667
1379,1379.0,-2.41403,254.833
1380,1380.0,-2.41577,255.0
1381,1381.0,-2.41722,255.167
1382,1382.0,-2.41879,255.333
1383,1383.0,-2.42045,255.5
1384,1384.0,-2.4226,255.667
1385,1385.0,-2.42457,255.833
1386,1386.0,-2.42651,256.0
1387,1387.0,-2.42846,256.167
1388,1388.0,-2.43054,256.333
1389,1389.0,-2.43256,256.5
1390,1390.0,-2.43456,256.667
1391,1391.0,-2.43657,256.833
1392,1392.0,-2.43856,257.0
1393,1393.0,-2.44058,257.167
1394,1394.0,-2.44257,257.333
1395,1395.0,-2.44452,257.5
1396,1396.0,-2.44639,257.667
1397,1397.0,-2.44827,257.833
1398,1398.0,-2.4501,258.0
1399,1399.0,-2.45188,258.167
1400,1400.0,-2.4535,258.333
1401,1401.0,-2.4551,258.5
1402,1402.0,-2.45664,258.667
1403,1403.0,-2.45813,258.833
1404,1404.0,-2.45938,259.0
1405,1405.0,-2.46064,259.167
1406,1406.0,-2.46183,259.333
1407,1407.0,-2.46295,259.5
1408,1408.0,-2.46374,259.667
1409,1409.0,-2.46462,259.833
1410,1410.0,-2.46548,260.0
1411,1411.0,-2.46629,260.167
1412,1412.0,-2.46683,260.333
1413,1413.0,-2.46745,260.5
1414,1414.0,-2.46804,260.667
1415,1415.0,-2.46857,260.833
1416,1416.0,-2.46889,261.0
1417,1417.0,-2.46921,261.167
1418,1418.0,-2.46951,261.333
1419,1419.0,-2.46981,261.5
1420,1420.0,-2.46992,261.667
1421,1421.0,-2.47011,261.833
1422,1422.0,-2.47029,262.0
1423,1423.0,-2.47046,262.167
1424,1424.0,-2.47055,262.333
1425,1425.0,-2.47059,262.5
1426,1426.0,-2.47058,262.667
1427,1427.0,-2.47052,262.833
1428,1428.0,-2.47028,263.0
1429,1429.0,-2.47009,263.167
1430,1430.0,-2.46991,263.333
1431,1431.0,-2.46974,263.5
1432,1432.0,-2.46957,263.667
1433,1433.0,-2.46941,263.833
1434,1434.0,-2.46922,264.0
1435,1435.0,-2.46903,264.167
1436,1436.0,-2.46887,264.333
1437,1437.0,-2.46866,264.5
1438,1438.0,-2.46845,264.667
1439,1439.0,-2.46824,264.833
1440,1440.0,-2.46791,265.0
1441,1441.0,-2.46763,265.167
1442,1442.0,-2.46733,265.333
1443,1443.0,-2.467,265.5
1444,1444.0,-2.46666,265.667
1445,1445.0,-2.46636,265.833
1446,1446.0,-2.46601,266.0
1447,1447.0,-2.46563,266.167
1448,1448.0,-2.46521,266.333
1449,1449.0,-2.46479,266.5
1450,1450.0,-2.46432,266.667
1451,1451.0,-2.46384,266.833
1452,1452.0,-2.46326,267.0
1453,1453.0,-2.46276,267.167
1454,1454.0,-2.46227,267.333
1455,1455.0,-2.46174,267.5
1456,1456.0,-2.46127,267.667
1457,1457.0,-2.4608,267.833
1458,1458.0,-2.4603,268.0
1459,1459.0,-2.45975,268.167
1460,1460.0,-2.45912,268.333
1461,1461.0,-2.45849,268.5
1462,1462.0,-2.45787,268.667
1463,1463.0,-2.45726,268.833
1464,1464.0,-2.45655,269.0
1465,1465.0,-2.45594,269.167
1466,1466.0,-2.45533,269.333
1467,1467.0,-2.45473,269.5
1468,1468.0,-2.45426,269.667
1469,1469.0,-2.45373,269.833
1470,1470.0,-2.45319,270.0
1471,1471.0,-2.45263,270.167
1472,1472.0,-2.45206,270.333
1473,1473.0,-2.45147,270.5
1474,1474.0,-2.45086,270.667
1475,1475.0,-2.45026,270.833
1476,1476.0,-2.44958,271.0
1477,1477.0,-2.44893,271.167
1478,1478.0,-2.4483,271.333
1479,1479.0,-2.44767,271.5
1480,1480.0,-2.44702,271.667
1481,1481.0,-2.44637,271.833
1482,1482.0,-2.44569,272.0
1483,1483.0,-2.445,272.167
1484,1484.0,-2.44432,272.333
1485,1485.0,-2.44368,272.5
1486,1486.0,-2.44305,272.667
1487,1487.0,-2.44239,272.833
1488,1488.0,-2.44175,273.0
1489,1489.0,-2.44114,273.167
1490,1490.0,-2.44053,273.333
1491,1491.0,-2.4399,273.5
1492,1492.0,-2.43927,273.667
1493,1493.0,-2.43862,273.833
1494,1494.0,-2.43793,274.0
1495,1495.0,-2.43721,274.167
1496,1496.0,-2.43646,274.333
1497,1497.0,-2.43575,274.5
1498,1498.0,-2.43507,274.667
1499,1499.0,-2.43439,274.833
1500,1500.0,-2.43367,275.0
1501,1501.0,-2.43295,275.167
1502,1502.0,-2.43224,275.333
1503,1503.0,-2.43152,275.5
1504,1504.0,-2.43072,275.667
1505,1505.0,-2.42989,275.833
1506,1506.0,-2.429,276.0
1507,1507.0,-2.42809,276.167
1508,1508.0,-2.42707,276.333
1509,1509.0,-2.42614,276.5
1510,1510.0,-2.42526,276.667
1511,1511.0,-2.42442,276.833
1512,1512.0,-2.4236,277.0
1513,1513.0,-2.42276,277.167
1514,1514.0,-2.42196,277.333
1515,1515.0,-2.42117,277.5
1516,1516.0,-2.42043,277.667
1517,1517.0,-2.41967,277.833
1518,1518.0,-2.41895,278.0
1519,1519.0,-2.41823,278.167
1520,1520.0,-2.41752,278.333
1521,1521.0,-2.41684,278.5
1522,1522.0,-2.41618,278.667
1523,1523.0,-2.41551,278.833
1524,1524.0,-2.41487,279.0
1525,1525.0,-2.4142,279.167
1526,1526.0,-2.41353,279.333
1527,1527.0,-2.41288,279.5
1528,1528.0,-2.41227,279.667
1529,1529.0,-2.41165,279.833
1530,1530.0,-2.41102,280.0
1531,1531.0,-2.41042,280.167
1532,1532.0,-2.40987,280.333
1533,1533.0,-2.4093,280.5
1534,1534.0,-2.40875,280.667
1535,1535.0,-2.40823,280.833
1536,1536.0,-2.4077,281.0
1537,1537.0,-2.40721,281.167
1538,1538.0,-2.40678,281.333
1539,1539.0,-2.40634,281.5
1540,1540.0,-2.40595,281.667
1541,1541.0,-2.40559,281.833
1542,1542.0,-2.40526,282.0
1543,1543.0,-2.40491,282.167
1544,1544.0,-2.40461,282.333
1545,1545.0,-2.40428,282.5
1546,1546.0,-2.40399,282.667
1547,1547.0,-2.40373,282.833
1548,1548.0,-2.40348,283.0
1549,1549.0,-2.40318,283.167
1550,1550.0,-2.40282,283.333
1551,1551.0,-2.40244,283.5
1552,1552.0,-2.402,283.667
1553,1553.0,-2.40156,283.833
1554,1554.0,-2.40109,284.0
1555,1555.0,-2.4006,284.167
1556,1556.0,-2.40002,284.333
1557,1557.0,-2.3995,284.5
1558,1558.0,-2.39902,284.667
1559,1559.0,-2.39857,284.833
1560,1560.0,-2.39822,285.0
1561,1561.0,-2.39787,285.167
1562,1562.0,-2.39755,285.333
1563,1563.0,-2.39726,285.5
1564,1564.0,-2.39717,285.667
1565,1565.0,-2.39701,285.833
1566,1566.0,-2.39689,286.0
1567,1567.0,-2.39681,286.167
1568,1568.0,-2.39681,286.333
1569,1569.0,-2.39676,286.5
1570,1570.0,-2.39673,286.667
1571,1571.0,-2.39673,286.833
1572,1572.0,-2.39681,287.0
1573,1573.0,-2.39695,287.167
1574,1574.0,-2.39717,287.333
1575,1575.0,-2.39745,287.5
1576,1576.0,-2.39795,287.667
1577,1577.0,-2.39841,287.833
1578,1578.0,-2.39885,288.0
1579,1579.0,-2.3993,288.167
1580,1580.0,-2.3999,288.333
1581,1581.0,-2.40044,288.5
1582,1582.0,-2.40097,288.667
1583,1583.0,-2.40149,288.833
1584,1584.0,-2.40207,289.0
1585,1585.0,-2.40266,289.167
1586,1586.0,-2.40327,289.333
1587,1587.0,-2.4039,289.5
1588,1588.0,-2.40463,289.667
1589,1589.0,-2.40536,289.833
1590,1590.0,-2.40616,290.0
1591,1591.0,-2.40698,290.167
1592,1592.0,-2.40788,290.333
1593,1593.0,-2.40879,290.5
1594,1594.0,-2.40975,290.667
1595,1595.0,-2.41074,290.833
1596,1596.0,-2.41182,291.0
1597,1597.0,-2.4129,291.167
1598,1598.0,-2.414,291.333
1599,1599.0,-2.4151,291.5
1600,1600.0,-2.41633,291.667
1601,1601.0,-2.41757,291.833
1602,1602.0,-2.4188,292.0
1603,1603.0,-2.42002,292.167
1604,1604.0,-2.42137,292.333
1605,1605.0,-2.4227,292.5
1606,1606.0,-2.42405,292.667
1607,1607.0,-2.42543,292.833
1608,1608.0,-2.42687,293.0
1609,1609.0,-2.42826,293.167
1610,1610.0,-2.42966,293.333
1611,1611.0,-2.43107,293.5
1612,1612.0,-2.43252,293.667
1613,1613.0,-2.43397,293.833
1614,1614.0,-2.43543,294.0
1615,1615.0,-2.43694,294.167
1616,1616.0,-2.43854,294.333
1617,1617.0,-2.44013,294.5
1618,1618.0,-2.44176,294.667
1619,1619.0,-2.44344,294.833
1620,1620.0,-2.4453,295.0
1621,1621.0,-2.44715,295.167
1622,1622.0,-2.44899,295.333
1623,1623.0,-2.45084,295.5
1624,1624.0,-2.45283,295.667
1625,1625.0,-2.45474,295.833
1626,1626.0,-2.45661,296.0
1627,1627.0,-2.45848,296.167
1628,1628.0,-2.46039,296.333
1629,1629.0,-2.46228,296.5
1630,1630.0,-2.46418,296.667
1631,1631.0,-2.46615,296.833
1632,1632.0,-2.46811,297.0
1633,1633.0,-2.47003,297.167
1634,1634.0,-2.47196,297.333
1635,1635.0,-2.47394,297.5
1636,1636.0,-2.47592,297.667
1637,1637.0,-2.47789,297.833
1638,1638.0,-2.47988,298.0
1639,1639.0,-2.48187,298.167
1640,1640.0,-2.48382,298.333
1641,1641.0,-2.48578,298.5
1642,1642.0,-2.4878,298.667
1643,1643.0,-2.48985,298.833
1644,1644.0,-2.4919,299.0
1645,1645.0,-2.49396,299.167
1646,1646.0,-2.49593,299.333
1647,1647.0,-2.49769,299.5
1648,1648.0,-2.49937,299.667
1649,1649.0,-2.50115,299.833
1650,1650.0,-2.50288,300.0
